,name,Description,PDF:FILE
0,03c625c108ac0137f413dfd4136adb55c74b3805.PDF,招股说明书,pdf/03c625c108ac0137f413dfd4136adb55c74b3805.PDF
1,044635429bd83e329c5047010121044e07568feb.PDF,招股说明书,pdf/044635429bd83e329c5047010121044e07568feb.PDF
2,07d29cd67ca8e0fc932e05178db1fcdca1cee937.PDF,招股说明书,pdf/07d29cd67ca8e0fc932e05178db1fcdca1cee937.PDF
3,08538049ad1c7ca74c508bf95fe9fbbb4c924f3e.PDF,招股说明书,pdf/08538049ad1c7ca74c508bf95fe9fbbb4c924f3e.PDF
4,0b46f7a2d67b5b59ad67cafffa0e12a9f0837790.PDF,招股说明书,pdf/0b46f7a2d67b5b59ad67cafffa0e12a9f0837790.PDF
5,11463b6562c6ba2afde67a29bca314452ea9a2e0.PDF,招股说明书,pdf/11463b6562c6ba2afde67a29bca314452ea9a2e0.PDF
6,1af01c24b0957a1ab6d9262b93d7ccf7093f0529.PDF,招股说明书,pdf/1af01c24b0957a1ab6d9262b93d7ccf7093f0529.PDF
7,2389de12d78fe1ca4fa24910e6b1573902098bc3.PDF,招股说明书,pdf/2389de12d78fe1ca4fa24910e6b1573902098bc3.PDF
8,28560e1383141e35127388a3f0ca0e7b24919c17.PDF,招股说明书,pdf/28560e1383141e35127388a3f0ca0e7b24919c17.PDF
9,334a4deb4169c220c7a89243a104f6874ce1996a.PDF,招股说明书,pdf/334a4deb4169c220c7a89243a104f6874ce1996a.PDF
10,398c8e64f18a13e695b5956122ef2f6a6fd3b274.PDF,招股说明书,pdf/398c8e64f18a13e695b5956122ef2f6a6fd3b274.PDF
11,3e0ded8afa8f8aa952fd8179b109d6e67578c2dd.PDF,招股说明书,pdf/3e0ded8afa8f8aa952fd8179b109d6e67578c2dd.PDF
12,4170a3382f5e92d32890780d79cb39115a756f40.PDF,招股说明书,pdf/4170a3382f5e92d32890780d79cb39115a756f40.PDF
13,421864a100b2b65568d0aa7e08bdc9e13e5c91d2.PDF,招股说明书,pdf/421864a100b2b65568d0aa7e08bdc9e13e5c91d2.PDF
14,42518828d97dd45ac34dc34a5814d18c1ebe9a83.PDF,招股说明书,pdf/42518828d97dd45ac34dc34a5814d18c1ebe9a83.PDF
15,43571629ce9fb30b44ccefdca9f637102c16d1a2.PDF,招股说明书,pdf/43571629ce9fb30b44ccefdca9f637102c16d1a2.PDF
16,43f9d961f0885608850dec7f4284afdaf07bdc43.PDF,招股说明书,pdf/43f9d961f0885608850dec7f4284afdaf07bdc43.PDF
17,44850fcc20f00a48f5bca0ad4acde91d76b839d6.PDF,招股说明书,pdf/44850fcc20f00a48f5bca0ad4acde91d76b839d6.PDF
18,47d0efaf57fb6f5d66af5ecdc422dd1da99b6d95.PDF,招股说明书,pdf/47d0efaf57fb6f5d66af5ecdc422dd1da99b6d95.PDF
19,4bc783ca9fd53beb4be3a79b1712d5e42be209e1.PDF,招股说明书,pdf/4bc783ca9fd53beb4be3a79b1712d5e42be209e1.PDF
20,50b2823371fe1699d260f67cadac3d38af0672e3.PDF,招股说明书,pdf/50b2823371fe1699d260f67cadac3d38af0672e3.PDF
21,52fd4a323d97356a463959671794e900699baae5.PDF,招股说明书,pdf/52fd4a323d97356a463959671794e900699baae5.PDF
22,54c7b3ab01ad11d37835a4464c9e4d68dfe6306f.PDF,招股说明书,pdf/54c7b3ab01ad11d37835a4464c9e4d68dfe6306f.PDF
23,54d148902b889679830174597830f0d0f22c1073.PDF,招股说明书,pdf/54d148902b889679830174597830f0d0f22c1073.PDF
24,5ad8119f0928b041ed0f0ecf3ef4164cd64ad57c.PDF,招股说明书,pdf/5ad8119f0928b041ed0f0ecf3ef4164cd64ad57c.PDF
25,5c2707b186a798118bba251cce8d1fc331b5cbba.PDF,招股说明书,pdf/5c2707b186a798118bba251cce8d1fc331b5cbba.PDF
26,5e019307c43efbd95dea0ab110808ebeba819776.PDF,招股说明书,pdf/5e019307c43efbd95dea0ab110808ebeba819776.PDF
27,6c93724343cef6b9da70d51daa739e8a1c607a22.PDF,招股说明书,pdf/6c93724343cef6b9da70d51daa739e8a1c607a22.PDF
28,6d2d79af9644ba5fef3b462fa40139c1395a3552.PDF,招股说明书,pdf/6d2d79af9644ba5fef3b462fa40139c1395a3552.PDF
29,72103a0ef6299585cdd09751682534d873f8e64e.PDF,招股说明书,pdf/72103a0ef6299585cdd09751682534d873f8e64e.PDF
30,749dc57b0a41b931f3fbcff1ec4f808ff460655e.PDF,招股说明书,pdf/749dc57b0a41b931f3fbcff1ec4f808ff460655e.PDF
31,756171248e278806a56171d59c6519a38eac9012.PDF,招股说明书,pdf/756171248e278806a56171d59c6519a38eac9012.PDF
32,79e9167d0336a9f471ab77dc04ec978fc4a89171.PDF,招股说明书,pdf/79e9167d0336a9f471ab77dc04ec978fc4a89171.PDF
33,7ee0d82749433aba584ff8eabfc1575580aa0d97.PDF,招股说明书,pdf/7ee0d82749433aba584ff8eabfc1575580aa0d97.PDF
34,810d8681429537dbf20a437a6dbf08e34c1ece27.PDF,招股说明书,pdf/810d8681429537dbf20a437a6dbf08e34c1ece27.PDF
35,88acba2e98dedd85fdd38192a639dbcc56faf3ed.PDF,招股说明书,pdf/88acba2e98dedd85fdd38192a639dbcc56faf3ed.PDF
36,8c130bea710816d5ef9a8bd7b2df7ee46e9f40dd.PDF,招股说明书,pdf/8c130bea710816d5ef9a8bd7b2df7ee46e9f40dd.PDF
37,8feb69d0cda9f9fbfb29968f9aeb4cbf1953edab.PDF,招股说明书,pdf/8feb69d0cda9f9fbfb29968f9aeb4cbf1953edab.PDF
38,91b4426b075560a1a45247f9cfa9fa73d56c945c.PDF,招股说明书,pdf/91b4426b075560a1a45247f9cfa9fa73d56c945c.PDF
39,952121f38a5eece19cca7cdc39079b43438fad88.PDF,招股说明书,pdf/952121f38a5eece19cca7cdc39079b43438fad88.PDF
40,96b461d6c6670928f7dc36f0c947e0c18340d5e2.PDF,招股说明书,pdf/96b461d6c6670928f7dc36f0c947e0c18340d5e2.PDF
41,9951262c20ed33562a2fff85c83aeae320f14922.PDF,招股说明书,pdf/9951262c20ed33562a2fff85c83aeae320f14922.PDF
42,9b877e7db4809637c56eea234eaddc74cb20f9da.PDF,招股说明书,pdf/9b877e7db4809637c56eea234eaddc74cb20f9da.PDF
43,9c4a118cf576f91aed791fb6fe6926180e2dcc65.PDF,招股说明书,pdf/9c4a118cf576f91aed791fb6fe6926180e2dcc65.PDF
44,9dca16666143beb8c15a6a4ba6ec2b19b2ffb8fb.PDF,招股说明书,pdf/9dca16666143beb8c15a6a4ba6ec2b19b2ffb8fb.PDF
45,a0d278016e9baded15e0f5b3964563e525b1b787.PDF,招股说明书,pdf/a0d278016e9baded15e0f5b3964563e525b1b787.PDF
46,a244b6ed9da7411f804e62b82a8fdfc015dff284.PDF,招股说明书,pdf/a244b6ed9da7411f804e62b82a8fdfc015dff284.PDF
47,a6f8156c08a1096c46470a1c5e1229daaaedf06e.PDF,招股说明书,pdf/a6f8156c08a1096c46470a1c5e1229daaaedf06e.PDF
48,ad2bf1b94db9ec7cb2689ace2daec396d2965dce.PDF,招股说明书,pdf/ad2bf1b94db9ec7cb2689ace2daec396d2965dce.PDF
49,afa8c5a4a91c3ecf7bd38a1c1f09b8a68e472909.PDF,招股说明书,pdf/afa8c5a4a91c3ecf7bd38a1c1f09b8a68e472909.PDF
50,b29a4948c1ba14e1a85f8339dd5bb0fcabadb171.PDF,招股说明书,pdf/b29a4948c1ba14e1a85f8339dd5bb0fcabadb171.PDF
51,b58b0a129b2c62ca8b295d40c91134df5d5e603d.PDF,招股说明书,pdf/b58b0a129b2c62ca8b295d40c91134df5d5e603d.PDF
52,b9587835ff0d27df936b1f623b412e88e5e3abad.PDF,招股说明书,pdf/b9587835ff0d27df936b1f623b412e88e5e3abad.PDF
53,b96b11328c7bdc32b63fd15b1d1f96759ed94add.PDF,招股说明书,pdf/b96b11328c7bdc32b63fd15b1d1f96759ed94add.PDF
54,ba561001c2abd0714c413e2f6a77ffee58c644a6.PDF,招股说明书,pdf/ba561001c2abd0714c413e2f6a77ffee58c644a6.PDF
55,bec898d3079074d88f8bdb34d7e07f072cfca695.PDF,招股说明书,pdf/bec898d3079074d88f8bdb34d7e07f072cfca695.PDF
56,c0f513c24a7ad4d74a3e2aab7c749f64c50771d2.PDF,招股说明书,pdf/c0f513c24a7ad4d74a3e2aab7c749f64c50771d2.PDF
57,c3eae2913ce6c9f56c58a5588358740a00d47dd5.PDF,招股说明书,pdf/c3eae2913ce6c9f56c58a5588358740a00d47dd5.PDF
58,c48b454b4d171ba375fb88a6469b0a1d7f4625c2.PDF,招股说明书,pdf/c48b454b4d171ba375fb88a6469b0a1d7f4625c2.PDF
59,ca1191af7558e0f18966e4df589368a3a5f5e1e6.PDF,招股说明书,pdf/ca1191af7558e0f18966e4df589368a3a5f5e1e6.PDF
60,cae2f50f92120710bea7cf31b69f1a14e7badeb6.PDF,招股说明书,pdf/cae2f50f92120710bea7cf31b69f1a14e7badeb6.PDF
61,d1a73ca4a204ca3f98024bca8ce0652f5e1c1a94.PDF,招股说明书,pdf/d1a73ca4a204ca3f98024bca8ce0652f5e1c1a94.PDF
62,d336d607e1d431cbfe1f313e2234a13fcf49a16e.PDF,招股说明书,pdf/d336d607e1d431cbfe1f313e2234a13fcf49a16e.PDF
63,d627620bedd94ea27c3840fa974cef3f7b582d03.PDF,招股说明书,pdf/d627620bedd94ea27c3840fa974cef3f7b582d03.PDF
64,d6867ff3ecf9882065e45612eaf7b33ccb9a95dc.PDF,招股说明书,pdf/d6867ff3ecf9882065e45612eaf7b33ccb9a95dc.PDF
65,d6c70c04287ff6aba75b0565bef375469aaa68c3.PDF,招股说明书,pdf/d6c70c04287ff6aba75b0565bef375469aaa68c3.PDF
66,e0a89442ee14a193c6600b0092a43a95a2ddab88.PDF,招股说明书,pdf/e0a89442ee14a193c6600b0092a43a95a2ddab88.PDF
67,e1e8e0551703f4a1f2873755ef46210b0889c5cd.PDF,招股说明书,pdf/e1e8e0551703f4a1f2873755ef46210b0889c5cd.PDF
68,e6ff749bb533a47173aaca91fe5d44080d9d37b3.PDF,招股说明书,pdf/e6ff749bb533a47173aaca91fe5d44080d9d37b3.PDF
69,e774a06e6b4db734424f7d9181b9515a08bea6cc.PDF,招股说明书,pdf/e774a06e6b4db734424f7d9181b9515a08bea6cc.PDF
70,edde146c2435590bc33de0f144c04a7d7bf4d5b5.PDF,招股说明书,pdf/edde146c2435590bc33de0f144c04a7d7bf4d5b5.PDF
71,eec23035376ae0e339a7643402fdbdccd92ad703.PDF,招股说明书,pdf/eec23035376ae0e339a7643402fdbdccd92ad703.PDF
72,f0e86e33d654c797626767e660bb234ff469bee8.PDF,招股说明书,pdf/f0e86e33d654c797626767e660bb234ff469bee8.PDF
73,f30bfe8be4ad535d348d74f80eaef8d93b3c8ac5.PDF,招股说明书,pdf/f30bfe8be4ad535d348d74f80eaef8d93b3c8ac5.PDF
74,f587290218d881e18e88fc1431b022b2c5aca81a.PDF,招股说明书,pdf/f587290218d881e18e88fc1431b022b2c5aca81a.PDF
75,f7a306fea164e32f1df88b7beb8ebba8f65dd7a1.PDF,招股说明书,pdf/f7a306fea164e32f1df88b7beb8ebba8f65dd7a1.PDF
76,f8fb28932337c061edb6f0a1b27f5a1f0ee0b957.PDF,招股说明书,pdf/f8fb28932337c061edb6f0a1b27f5a1f0ee0b957.PDF
77,f9e84ce0edd5279773b3ca1f36a9e39d6ceaf220.PDF,招股说明书,pdf/f9e84ce0edd5279773b3ca1f36a9e39d6ceaf220.PDF
78,fa3eaf37dadb2a7495e3f774434f8347ce5c51c8.PDF,招股说明书,pdf/fa3eaf37dadb2a7495e3f774434f8347ce5c51c8.PDF
79,fb468fe2d4d474b9fb94952d881f2218a871779c.PDF,招股说明书,pdf/fb468fe2d4d474b9fb94952d881f2218a871779c.PDF
